standard,port_set,minimal,port,effective_MBps,used_MBps,spare_MBps,arrival_us,service_us,additional_gap_limit_us,logic_estimate,FF,BSRAM,DSP18,SRAM_B,receiver_adopted
T,SPI2_Quad80 + LCD16_40,True,SPI2_Quad80,38.97142857142857,35.75153615126939,3.2198924201591765,114.45662034454175,105.0,9.456620344541747,8344,6306,16,14,476224,False
T,SPI2_Quad80 + LCD16_40,True,LCD16_40,79.68841285296982,67.29415889442566,12.394253958544155,60.807655036148496,51.35,9.457655036148495,8344,6306,16,14,476224,False
T,SPI2_Octal80 + SPI3_Quad80,True,SPI2_Octal80,76.27213420316869,71.52284752284753,4.749286680321163,57.21248722225211,53.65,3.562487222252109,8344,6306,16,14,476224,False
T,SPI2_Octal80 + SPI3_Quad80,True,SPI3_Quad80,38.97142857142857,31.522847522847524,7.448581048581044,129.81060791015625,105.0,24.81060791015625,8344,6306,16,14,476224,False
T,SPI2_Octal80 + LCD8_40,True,SPI2_Octal80,76.27213420316869,66.50878608498992,9.763348118178769,61.52570571309082,53.65,7.875705713090824,8344,6306,16,14,476224,False
T,SPI2_Octal80 + LCD8_40,True,LCD8_40,39.84420642648491,36.53690896070512,3.30729746577979,111.99633785115437,102.7,9.296337851154362,8344,6306,16,14,476224,False
T,SPI2_Octal80 + CAM8_40,True,SPI2_Octal80,76.27213420316869,71.52284752284753,4.749286680321163,57.21248722225211,53.65,3.562487222252109,8344,6306,16,14,476224,False
T,SPI2_Octal80 + CAM8_40,True,CAM8_40,39.84420642648491,31.522847522847524,8.321358903637385,129.81060791015625,102.7,27.110607910156247,8344,6306,16,14,476224,False
T,SPI2_Octal80 + SDIO8_40,True,SPI2_Octal80,76.27213420316869,69.2373488840881,7.034785319080584,59.10104973618378,53.65,5.4510497361837835,8344,6306,16,14,476224,False
T,SPI2_Octal80 + SDIO8_40,True,SDIO8_40,36.81511470985155,33.808346161606934,3.006768548244615,121.03520179425139,111.15,9.885201794251387,8344,6306,16,14,476224,False
T,SPI3_Quad80 + LCD16_40,True,SPI3_Quad80,38.97142857142857,35.75153615126939,3.2198924201591765,114.45662034454175,105.0,9.456620344541747,8344,6306,16,14,476224,False
T,SPI3_Quad80 + LCD16_40,True,LCD16_40,79.68841285296982,67.29415889442566,12.394253958544155,60.807655036148496,51.35,9.457655036148495,8344,6306,16,14,476224,False
T,SPI2_Quad80 + SPI3_Quad80 + LCD8_40,True,SPI2_Quad80,38.97142857142857,34.34856501523143,4.622863556197139,119.13161432465826,105.0,14.131614324658258,8472,6434,20,14,476768,False
T,SPI2_Quad80 + SPI3_Quad80 + LCD8_40,True,SPI3_Quad80,38.97142857142857,34.34856501523172,4.622863556196847,119.13161432465725,105.0,14.13161432465725,8472,6434,20,14,476768,False
T,SPI2_Quad80 + SPI3_Quad80 + LCD8_40,True,LCD8_40,39.84420642648491,34.34856501523158,5.495641411253331,119.13161432465773,102.7,16.43161432465773,8472,6434,20,14,476768,False
T,SPI2_Quad80 + SPI3_Quad80 + CAM8_40,True,SPI2_Quad80,38.97142857142857,35.76142376142376,3.2100048100048113,114.42497444450424,105.0,9.424974444504244,8472,6434,20,14,476768,False
T,SPI2_Quad80 + SPI3_Quad80 + CAM8_40,True,SPI3_Quad80,38.97142857142857,35.761423761423764,3.210004810004804,114.42497444450422,105.0,9.424974444504215,8472,6434,20,14,476768,False
T,SPI2_Quad80 + SPI3_Quad80 + CAM8_40,True,CAM8_40,39.84420642648491,31.522847522847524,8.321358903637385,129.81060791015625,102.7,27.110607910156247,8472,6434,20,14,476768,False
T,SPI2_Quad80 + SPI3_Quad80 + SDIO8_40,True,SPI2_Quad80,38.97142857142857,34.927356336311135,4.044072235117433,117.15744989682715,105.0,12.157449896827146,8472,6434,20,14,476768,False
T,SPI2_Quad80 + SPI3_Quad80 + SDIO8_40,True,SPI3_Quad80,38.97142857142857,34.9273563363111,4.0440722351174685,117.15744989682727,105.0,12.157449896827274,8472,6434,20,14,476768,False
T,SPI2_Quad80 + SPI3_Quad80 + SDIO8_40,True,SDIO8_40,36.81511470985155,33.190982373072956,3.624132336778594,123.28649854364483,111.15,12.13649854364482,8472,6434,20,14,476768,False
T,SPI2_Quad80 + LCD8_40 + SDIO8_40,True,SPI2_Quad80,38.97142857142857,34.92735633631092,4.044072235117646,117.15744989682786,105.0,12.157449896827856,8472,6434,20,14,476768,False
T,SPI2_Quad80 + LCD8_40 + SDIO8_40,True,LCD8_40,39.84420642648491,34.92735633631118,4.916850090173732,117.157449896827,102.7,14.457449896827,8472,6434,20,14,476768,False
T,SPI2_Quad80 + LCD8_40 + SDIO8_40,True,SDIO8_40,36.81511470985155,33.190982373072956,3.624132336778594,123.28649854364483,111.15,12.13649854364482,8472,6434,20,14,476768,False
T,SPI2_Quad80 + CAM8_40 + SDIO8_40,True,SPI2_Quad80,38.97142857142857,36.778924368098544,2.1925042033300244,111.25937123787492,105.0,6.259371237874916,8472,6434,20,14,476768,False
T,SPI2_Quad80 + CAM8_40 + SDIO8_40,True,CAM8_40,39.84420642648491,31.522847522847524,8.321358903637385,129.81060791015625,102.7,27.110607910156247,8472,6434,20,14,476768,False
T,SPI2_Quad80 + CAM8_40 + SDIO8_40,True,SDIO8_40,36.81511470985155,34.74392315474898,2.0711915551025726,117.77599155323611,111.15,6.625991553236105,8472,6434,20,14,476768,False
T,SPI2_Octal80 + SPI3_Quad80 + LCD8_40,False,SPI2_Octal80,76.27213420316869,34.34856501523143,41.92356918793726,119.13161432465826,53.65,65.48161432465827,8472,6434,20,14,476768,False
T,SPI2_Octal80 + SPI3_Quad80 + LCD8_40,False,SPI3_Quad80,38.97142857142857,34.34856501523172,4.622863556196847,119.13161432465725,105.0,14.13161432465725,8472,6434,20,14,476768,False
T,SPI2_Octal80 + SPI3_Quad80 + LCD8_40,False,LCD8_40,39.84420642648491,34.34856501523158,5.495641411253331,119.13161432465773,102.7,16.43161432465773,8472,6434,20,14,476768,False
T,SPI2_Octal80 + SPI3_Quad80 + CAM8_40,False,SPI2_Octal80,76.27213420316869,36.36052347480893,39.91161072835976,112.53963389264717,53.65,58.889633892647176,8472,6434,20,14,476768,False
T,SPI2_Octal80 + SPI3_Quad80 + CAM8_40,False,SPI3_Quad80,38.97142857142857,35.1623240480386,3.809104523389969,116.37456029383976,105.0,11.374560293839764,8472,6434,20,14,476768,False
T,SPI2_Octal80 + SPI3_Quad80 + CAM8_40,False,CAM8_40,39.84420642648491,31.522847522847524,8.321358903637385,129.81060791015625,102.7,27.110607910156247,8472,6434,20,14,476768,False
T,SPI2_Octal80 + SPI3_Quad80 + SDIO4_40,False,SPI2_Octal80,76.27213420316869,50.22497738018605,26.047156822982643,81.47340652888597,53.65,27.823406528885975,8472,6434,20,14,476768,False
T,SPI2_Octal80 + SPI3_Quad80 + SDIO4_40,False,SPI3_Quad80,38.97142857142857,35.426408884331515,3.545019687097053,115.50705049898016,105.0,10.507050498980163,8472,6434,20,14,476768,False
T,SPI2_Octal80 + SPI3_Quad80 + SDIO4_40,False,SDIO4_40,19.134907645545944,17.394308781177504,1.7405988643684402,235.24935951625628,213.85,21.399359516256283,8472,6434,20,14,476768,False
T,SPI2_Octal80 + SPI3_Quad80 + SDIO8_40,False,SPI2_Octal80,76.27213420316869,34.927356336311135,41.344777866857555,117.15744989682715,53.65,63.50744989682715,8472,6434,20,14,476768,False
T,SPI2_Octal80 + SPI3_Quad80 + SDIO8_40,False,SPI3_Quad80,38.97142857142857,34.9273563363111,4.0440722351174685,117.15744989682727,105.0,12.157449896827274,8472,6434,20,14,476768,False
T,SPI2_Octal80 + SPI3_Quad80 + SDIO8_40,False,SDIO8_40,36.81511470985155,33.190982373072956,3.624132336778594,123.28649854364483,111.15,12.13649854364482,8472,6434,20,14,476768,False
T,SPI2_Octal80 + SPI3_Quad80 + I2S0_RX40,False,SPI2_Octal80,76.27213420316869,62.821220644972115,13.450913558196575,65.13722525586587,53.65,11.487225255865873,8472,6434,20,14,476768,False
T,SPI2_Octal80 + SPI3_Quad80 + I2S0_RX40,False,SPI3_Quad80,38.97142857142857,35.66633732747028,3.3050912439582874,114.73003135784099,105.0,9.730031357840986,8472,6434,20,14,476768,False
T,SPI2_Octal80 + SPI3_Quad80 + I2S0_RX40,False,I2S0_RX40,4.980525803310614,4.558137073252655,0.42238873005795874,897.7351787009725,821.6,76.13517870097246,8472,6434,20,14,476768,False
T,SPI2_Octal80 + SPI3_Quad80 + I2S0_TX40,False,SPI2_Octal80,76.27213420316869,62.821220644972115,13.450913558196575,65.13722525586587,53.65,11.487225255865873,8472,6434,20,14,476768,False
T,SPI2_Octal80 + SPI3_Quad80 + I2S0_TX40,False,SPI3_Quad80,38.97142857142857,35.66633732747029,3.3050912439582802,114.73003135784097,105.0,9.730031357840971,8472,6434,20,14,476768,False
T,SPI2_Octal80 + SPI3_Quad80 + I2S0_TX40,False,I2S0_TX40,4.980525803310614,4.558137073252655,0.42238873005795874,897.7351787009725,821.6,76.13517870097246,8472,6434,20,14,476768,False
T,SPI2_Octal80 + SPI3_Quad80 + I2S1_RX40,False,SPI2_Octal80,76.27213420316869,62.821220644972115,13.450913558196575,65.13722525586587,53.65,11.487225255865873,8472,6434,20,14,476768,False
T,SPI2_Octal80 + SPI3_Quad80 + I2S1_RX40,False,SPI3_Quad80,38.97142857142857,35.66633732747028,3.3050912439582874,114.73003135784099,105.0,9.730031357840986,8472,6434,20,14,476768,False
T,SPI2_Octal80 + SPI3_Quad80 + I2S1_RX40,False,I2S1_RX40,4.980525803310614,4.558137073252655,0.42238873005795874,897.7351787009725,821.6,76.13517870097246,8472,6434,20,14,476768,False
T,SPI2_Octal80 + SPI3_Quad80 + I2S1_TX40,False,SPI2_Octal80,76.27213420316869,62.821220644972115,13.450913558196575,65.13722525586587,53.65,11.487225255865873,8472,6434,20,14,476768,False
T,SPI2_Octal80 + SPI3_Quad80 + I2S1_TX40,False,SPI3_Quad80,38.97142857142857,35.66633732747029,3.3050912439582802,114.73003135784097,105.0,9.730031357840971,8472,6434,20,14,476768,False
T,SPI2_Octal80 + SPI3_Quad80 + I2S1_TX40,False,I2S1_TX40,4.980525803310614,4.558137073252655,0.42238873005795874,897.7351787009725,821.6,76.13517870097246,8472,6434,20,14,476768,False
T,SPI2_Octal80 + LCD8_40 + SDIO4_40,False,SPI2_Octal80,76.27213420316869,49.45382116777276,26.81831303539593,82.74385888438903,53.65,29.09385888438903,8472,6434,20,14,476768,False
T,SPI2_Octal80 + LCD8_40 + SDIO4_40,False,LCD8_40,39.84420642648491,36.20477721937666,3.6394292071082504,113.02375858316226,102.7,10.32375858316226,8472,6434,20,14,476768,False
T,SPI2_Octal80 + LCD8_40 + SDIO4_40,False,SDIO4_40,19.134907645545944,17.387096658545627,1.7478109870003173,235.34694034088852,213.85,21.49694034088853,8472,6434,20,14,476768,False
T,SPI2_Octal80 + LCD8_40 + I2S0_RX40,False,SPI2_Octal80,76.27213420316869,62.03958581073502,14.23254839243367,65.95788715423598,53.65,12.307887154235978,8472,6434,20,14,476768,False
T,SPI2_Octal80 + LCD8_40 + I2S0_RX40,False,LCD8_40,39.84420642648491,36.449874875520024,3.3943315509648855,112.26375986130515,102.7,9.563759861305144,8472,6434,20,14,476768,False
T,SPI2_Octal80 + LCD8_40 + I2S0_RX40,False,I2S0_RX40,4.980525803310614,4.556234359440007,0.42429144387060624,898.1100788904404,821.6,76.51007889044035,8472,6434,20,14,476768,False
T,SPI2_Octal80 + LCD8_40 + I2S0_TX40,False,SPI2_Octal80,76.27213420316869,62.03958581073502,14.23254839243367,65.95788715423598,53.65,12.307887154235978,8472,6434,20,14,476768,False
T,SPI2_Octal80 + LCD8_40 + I2S0_TX40,False,LCD8_40,39.84420642648491,36.449874875520024,3.3943315509648855,112.26375986130515,102.7,9.563759861305144,8472,6434,20,14,476768,False
T,SPI2_Octal80 + LCD8_40 + I2S0_TX40,False,I2S0_TX40,4.980525803310614,4.556234359440002,0.4242914438706116,898.1100788904414,821.6,76.51007889044138,8472,6434,20,14,476768,False
T,SPI2_Octal80 + LCD8_40 + I2S1_RX40,False,SPI2_Octal80,76.27213420316869,62.03958581073502,14.23254839243367,65.95788715423598,53.65,12.307887154235978,8472,6434,20,14,476768,False
T,SPI2_Octal80 + LCD8_40 + I2S1_RX40,False,LCD8_40,39.84420642648491,36.449874875520024,3.3943315509648855,112.26375986130515,102.7,9.563759861305144,8472,6434,20,14,476768,False
T,SPI2_Octal80 + LCD8_40 + I2S1_RX40,False,I2S1_RX40,4.980525803310614,4.556234359440007,0.42429144387060624,898.1100788904404,821.6,76.51007889044035,8472,6434,20,14,476768,False
T,SPI2_Octal80 + LCD8_40 + I2S1_TX40,False,SPI2_Octal80,76.27213420316869,62.03958581073502,14.23254839243367,65.95788715423598,53.65,12.307887154235978,8472,6434,20,14,476768,False
T,SPI2_Octal80 + LCD8_40 + I2S1_TX40,False,LCD8_40,39.84420642648491,36.449874875520024,3.3943315509648855,112.26375986130515,102.7,9.563759861305144,8472,6434,20,14,476768,False
T,SPI2_Octal80 + LCD8_40 + I2S1_TX40,False,I2S1_TX40,4.980525803310614,4.556234359440002,0.4242914438706116,898.1100788904414,821.6,76.51007889044138,8472,6434,20,14,476768,False
T,SPI2_Octal80 + CAM8_40 + SDIO4_40,False,SPI2_Octal80,76.27213420316869,54.09236953748672,22.179764665681972,75.64837767301339,53.65,21.998377673013387,8472,6434,20,14,476768,False
T,SPI2_Octal80 + CAM8_40 + SDIO4_40,False,CAM8_40,39.84420642648491,31.52284752284752,8.321358903637389,129.81060791015625,102.7,27.110607910156247,8472,6434,20,14,476768,False
T,SPI2_Octal80 + CAM8_40 + SDIO4_40,False,SDIO4_40,19.134907645545944,17.430477985360803,1.7044296601851414,234.76120410677868,213.85,20.911204106778683,8472,6434,20,14,476768,False
T,SPI2_Octal80 + CAM8_40 + I2S0_RX40,False,SPI2_Octal80,76.27213420316869,71.52284752284753,4.749286680321163,57.21248722225211,53.65,3.562487222252109,8472,6434,20,14,476768,False
T,SPI2_Octal80 + CAM8_40 + I2S0_RX40,False,CAM8_40,39.84420642648491,31.522846522847523,8.321359903637386,129.8106120281412,102.7,27.110612028141205,8472,6434,20,14,476768,False
T,SPI2_Octal80 + CAM8_40 + I2S0_RX40,False,I2S0_RX40,4.980525803310614,1e-06,4.9805248033106135,4092000000.0,821.6,4091999178.4,8472,6434,20,14,476768,False
T,SPI2_Octal80 + CAM8_40 + I2S0_TX40,False,SPI2_Octal80,76.27213420316869,66.95464855108924,9.317485652079455,61.11599550668436,53.65,7.465995506684358,8472,6434,20,14,476768,False
T,SPI2_Octal80 + CAM8_40 + I2S0_TX40,False,CAM8_40,39.84420642648491,31.522847522847524,8.321358903637385,129.81060791015625,102.7,27.110607910156247,8472,6434,20,14,476768,False
T,SPI2_Octal80 + CAM8_40 + I2S0_TX40,False,I2S0_TX40,4.980525803310614,4.568198971758292,0.4123268315523214,895.7578304486584,821.6,74.15783044865839,8472,6434,20,14,476768,False
T,SPI2_Octal80 + CAM8_40 + I2S1_RX40,False,SPI2_Octal80,76.27213420316869,71.52284752284753,4.749286680321163,57.21248722225211,53.65,3.562487222252109,8472,6434,20,14,476768,False
T,SPI2_Octal80 + CAM8_40 + I2S1_RX40,False,CAM8_40,39.84420642648491,31.522846522847523,8.321359903637386,129.8106120281412,102.7,27.110612028141205,8472,6434,20,14,476768,False
T,SPI2_Octal80 + CAM8_40 + I2S1_RX40,False,I2S1_RX40,4.980525803310614,1e-06,4.9805248033106135,4092000000.0,821.6,4091999178.4,8472,6434,20,14,476768,False
T,SPI2_Octal80 + CAM8_40 + I2S1_TX40,False,SPI2_Octal80,76.27213420316869,66.95464855108924,9.317485652079455,61.11599550668436,53.65,7.465995506684358,8472,6434,20,14,476768,False
T,SPI2_Octal80 + CAM8_40 + I2S1_TX40,False,CAM8_40,39.84420642648491,31.522847522847524,8.321358903637385,129.81060791015625,102.7,27.110607910156247,8472,6434,20,14,476768,False
T,SPI2_Octal80 + CAM8_40 + I2S1_TX40,False,I2S1_TX40,4.980525803310614,4.568198971758292,0.4123268315523214,895.7578304486584,821.6,74.15783044865839,8472,6434,20,14,476768,False
T,SPI2_Octal80 + SDIO8_40 + I2S0_RX40,False,SPI2_Octal80,76.27213420316869,64.75515533863789,11.516978864530799,63.19187991443824,53.65,9.54187991443824,8472,6434,20,14,476768,False
T,SPI2_Octal80 + SDIO8_40 + I2S0_RX40,False,SDIO8_40,36.81511470985155,33.72769490572839,3.087419804123158,121.32462688118675,111.15,10.17462688118674,8472,6434,20,14,476768,False
T,SPI2_Octal80 + SDIO8_40 + I2S0_RX40,False,I2S0_RX40,4.980525803310614,4.562844801328764,0.4176810019818493,896.8089378819881,821.6,75.20893788198805,8472,6434,20,14,476768,False
T,SPI2_Octal80 + SDIO8_40 + I2S0_TX40,False,SPI2_Octal80,76.27213420316869,64.7551553386379,11.516978864530785,63.191879914438225,53.65,9.541879914438226,8472,6434,20,14,476768,False
T,SPI2_Octal80 + SDIO8_40 + I2S0_TX40,False,SDIO8_40,36.81511470985155,33.7276949057284,3.087419804123151,121.32462688118672,111.15,10.174626881186711,8472,6434,20,14,476768,False
T,SPI2_Octal80 + SDIO8_40 + I2S0_TX40,False,I2S0_TX40,4.980525803310614,4.5628448013287635,0.4176810019818502,896.8089378819882,821.6,75.20893788198816,8472,6434,20,14,476768,False
T,SPI2_Octal80 + SDIO8_40 + I2S1_RX40,False,SPI2_Octal80,76.27213420316869,64.75515533863789,11.516978864530799,63.19187991443824,53.65,9.54187991443824,8472,6434,20,14,476768,False
T,SPI2_Octal80 + SDIO8_40 + I2S1_RX40,False,SDIO8_40,36.81511470985155,33.72769490572839,3.087419804123158,121.32462688118675,111.15,10.17462688118674,8472,6434,20,14,476768,False
T,SPI2_Octal80 + SDIO8_40 + I2S1_RX40,False,I2S1_RX40,4.980525803310614,4.562844801328764,0.4176810019818493,896.8089378819881,821.6,75.20893788198805,8472,6434,20,14,476768,False
T,SPI2_Octal80 + SDIO8_40 + I2S1_TX40,False,SPI2_Octal80,76.27213420316869,64.7551553386379,11.516978864530785,63.191879914438225,53.65,9.541879914438226,8472,6434,20,14,476768,False
T,SPI2_Octal80 + SDIO8_40 + I2S1_TX40,False,SDIO8_40,36.81511470985155,33.7276949057284,3.087419804123151,121.32462688118672,111.15,10.174626881186711,8472,6434,20,14,476768,False
T,SPI2_Octal80 + SDIO8_40 + I2S1_TX40,False,I2S1_TX40,4.980525803310614,4.5628448013287635,0.4176810019818502,896.8089378819882,821.6,75.20893788198816,8472,6434,20,14,476768,False
T,SPI3_Quad80 + LCD8_40 + SDIO8_40,True,SPI3_Quad80,38.97142857142857,34.92735633631092,4.044072235117646,117.15744989682786,105.0,12.157449896827856,8472,6434,20,14,476768,False
T,SPI3_Quad80 + LCD8_40 + SDIO8_40,True,LCD8_40,39.84420642648491,34.92735633631118,4.916850090173732,117.157449896827,102.7,14.457449896827,8472,6434,20,14,476768,False
T,SPI3_Quad80 + LCD8_40 + SDIO8_40,True,SDIO8_40,36.81511470985155,33.190982373072956,3.624132336778594,123.28649854364483,111.15,12.13649854364482,8472,6434,20,14,476768,False
T,SPI3_Quad80 + CAM8_40 + SDIO8_40,True,SPI3_Quad80,38.97142857142857,36.778924368098544,2.1925042033300244,111.25937123787492,105.0,6.259371237874916,8472,6434,20,14,476768,False
T,SPI3_Quad80 + CAM8_40 + SDIO8_40,True,CAM8_40,39.84420642648491,31.522847522847524,8.321358903637385,129.81060791015625,102.7,27.110607910156247,8472,6434,20,14,476768,False
T,SPI3_Quad80 + CAM8_40 + SDIO8_40,True,SDIO8_40,36.81511470985155,34.74392315474898,2.0711915551025726,117.77599155323611,111.15,6.625991553236105,8472,6434,20,14,476768,False
T,SPI2_Octal80 + SPI3_Quad80 + I2S0_RX40 + I2S0_TX40,False,SPI2_Octal80,76.27213420316869,58.36955046461274,17.902583738555947,70.10504565185619,53.65,16.45504565185619,8472,6434,24,14,477312,False
T,SPI2_Octal80 + SPI3_Quad80 + I2S0_RX40 + I2S0_TX40,False,SPI3_Quad80,38.97142857142857,35.58154360974915,3.389884961679421,115.00344237114025,105.0,10.003442371140252,8472,6434,24,14,477312,False
T,SPI2_Octal80 + SPI3_Quad80 + I2S0_RX40 + I2S0_TX40,False,I2S0_RX40,4.980525803310614,4.54730048566658,0.43322531764403394,899.8745547821791,821.6,78.27455478217905,8472,6434,24,14,477312,False
T,SPI2_Octal80 + SPI3_Quad80 + I2S0_RX40 + I2S0_TX40,False,I2S0_TX40,4.980525803310614,4.547300485666578,0.4332253176440357,899.8745547821794,821.6,78.2745547821794,8472,6434,24,14,477312,False
T,SPI2_Octal80 + SPI3_Quad80 + I2S1_RX40 + I2S1_TX40,False,SPI2_Octal80,76.27213420316869,58.36955046461274,17.902583738555947,70.10504565185619,53.65,16.45504565185619,8472,6434,24,14,477312,False
T,SPI2_Octal80 + SPI3_Quad80 + I2S1_RX40 + I2S1_TX40,False,SPI3_Quad80,38.97142857142857,35.58154360974915,3.389884961679421,115.00344237114025,105.0,10.003442371140252,8472,6434,24,14,477312,False
T,SPI2_Octal80 + SPI3_Quad80 + I2S1_RX40 + I2S1_TX40,False,I2S1_RX40,4.980525803310614,4.54730048566658,0.43322531764403394,899.8745547821791,821.6,78.27455478217905,8472,6434,24,14,477312,False
T,SPI2_Octal80 + SPI3_Quad80 + I2S1_RX40 + I2S1_TX40,False,I2S1_TX40,4.980525803310614,4.547300485666578,0.4332253176440357,899.8745547821794,821.6,78.2745547821794,8472,6434,24,14,477312,False
T,SPI2_Octal80 + LCD8_40 + I2S0_RX40 + I2S0_TX40,False,SPI2_Octal80,76.27213420316869,57.59162698265053,18.68050722051816,71.05199513173528,53.65,17.401995131735283,8472,6434,24,14,477312,False
T,SPI2_Octal80 + LCD8_40 + I2S0_RX40 + I2S0_TX40,False,LCD8_40,39.84420642648491,36.36325445043562,3.4809519760492904,112.53118187145593,102.7,9.831181871455925,8472,6434,24,14,477312,False
T,SPI2_Octal80 + LCD8_40 + I2S0_RX40 + I2S0_TX40,False,I2S0_RX40,4.980525803310614,4.545406806304455,0.43511899700615864,900.249454971647,821.6,78.64945497164695,8472,6434,24,14,477312,False
T,SPI2_Octal80 + LCD8_40 + I2S0_RX40 + I2S0_TX40,False,I2S0_TX40,4.980525803310614,4.545406806304452,0.4351189970061613,900.2494549716474,821.6,78.6494549716474,8472,6434,24,14,477312,False
T,SPI2_Octal80 + LCD8_40 + I2S1_RX40 + I2S1_TX40,False,SPI2_Octal80,76.27213420316869,57.59162698265053,18.68050722051816,71.05199513173528,53.65,17.401995131735283,8472,6434,24,14,477312,False
T,SPI2_Octal80 + LCD8_40 + I2S1_RX40 + I2S1_TX40,False,LCD8_40,39.84420642648491,36.36325445043562,3.4809519760492904,112.53118187145593,102.7,9.831181871455925,8472,6434,24,14,477312,False
T,SPI2_Octal80 + LCD8_40 + I2S1_RX40 + I2S1_TX40,False,I2S1_RX40,4.980525803310614,4.545406806304455,0.43511899700615864,900.249454971647,821.6,78.64945497164695,8472,6434,24,14,477312,False
T,SPI2_Octal80 + LCD8_40 + I2S1_RX40 + I2S1_TX40,False,I2S1_TX40,4.980525803310614,4.545406806304452,0.4351189970061613,900.2494549716474,821.6,78.6494549716474,8472,6434,24,14,477312,False
T,SPI2_Octal80 + CAM8_40 + I2S0_RX40 + I2S0_TX40,False,SPI2_Octal80,76.27213420316869,66.95464855108924,9.317485652079455,61.11599550668436,53.65,7.465995506684358,8472,6434,24,14,477312,False
T,SPI2_Octal80 + CAM8_40 + I2S0_RX40 + I2S0_TX40,False,CAM8_40,39.84420642648491,31.52284652284752,8.32135990363739,129.81061202814124,102.7,27.110612028141233,8472,6434,24,14,477312,False
T,SPI2_Octal80 + CAM8_40 + I2S0_RX40 + I2S0_TX40,False,I2S0_RX40,4.980525803310614,1e-06,4.9805248033106135,4092000000.0,821.6,4091999178.4,8472,6434,24,14,477312,False
T,SPI2_Octal80 + CAM8_40 + I2S0_RX40 + I2S0_TX40,False,I2S0_TX40,4.980525803310614,4.568198971758292,0.4123268315523214,895.7578304486584,821.6,74.15783044865839,8472,6434,24,14,477312,False
T,SPI2_Octal80 + CAM8_40 + I2S1_RX40 + I2S1_TX40,False,SPI2_Octal80,76.27213420316869,66.95464855108924,9.317485652079455,61.11599550668436,53.65,7.465995506684358,8472,6434,24,14,477312,False
T,SPI2_Octal80 + CAM8_40 + I2S1_RX40 + I2S1_TX40,False,CAM8_40,39.84420642648491,31.52284652284752,8.32135990363739,129.81061202814124,102.7,27.110612028141233,8472,6434,24,14,477312,False
T,SPI2_Octal80 + CAM8_40 + I2S1_RX40 + I2S1_TX40,False,I2S1_RX40,4.980525803310614,1e-06,4.9805248033106135,4092000000.0,821.6,4091999178.4,8472,6434,24,14,477312,False
T,SPI2_Octal80 + CAM8_40 + I2S1_RX40 + I2S1_TX40,False,I2S1_TX40,4.980525803310614,4.568198971758292,0.4123268315523214,895.7578304486584,821.6,74.15783044865839,8472,6434,24,14,477312,False
T,SPI2_Octal80 + SDIO4_40 + I2S0_RX40 + I2S0_TX40,True,SPI2_Octal80,76.27213420316869,74.5910343809684,1.681099822200295,54.859140028819034,53.65,1.2091400288190357,8472,6434,24,14,477312,False
T,SPI2_Octal80 + SDIO4_40 + I2S0_RX40 + I2S0_TX40,True,SDIO4_40,19.134907645545944,18.713158730600675,0.4217489149452689,218.66965694618733,213.85,4.819656946187337,8472,6434,24,14,477312,False
T,SPI2_Octal80 + SDIO4_40 + I2S0_RX40 + I2S0_TX40,True,I2S0_RX40,4.980525803310614,4.870750967062992,0.10977483624762208,840.116858297814,821.6,18.516858297813997,8472,6434,24,14,477312,False
T,SPI2_Octal80 + SDIO4_40 + I2S0_RX40 + I2S0_TX40,True,I2S0_TX40,4.980525803310614,4.870750967062992,0.10977483624762208,840.116858297814,821.6,18.516858297813997,8472,6434,24,14,477312,False
T,SPI2_Octal80 + SDIO4_40 + I2S1_RX40 + I2S1_TX40,True,SPI2_Octal80,76.27213420316869,74.5910343809684,1.681099822200295,54.859140028819034,53.65,1.2091400288190357,8472,6434,24,14,477312,False
T,SPI2_Octal80 + SDIO4_40 + I2S1_RX40 + I2S1_TX40,True,SDIO4_40,19.134907645545944,18.713158730600675,0.4217489149452689,218.66965694618733,213.85,4.819656946187337,8472,6434,24,14,477312,False
T,SPI2_Octal80 + SDIO4_40 + I2S1_RX40 + I2S1_TX40,True,I2S1_RX40,4.980525803310614,4.870750967062992,0.10977483624762208,840.116858297814,821.6,18.516858297813997,8472,6434,24,14,477312,False
T,SPI2_Octal80 + SDIO4_40 + I2S1_RX40 + I2S1_TX40,True,I2S1_TX40,4.980525803310614,4.870750967062992,0.10977483624762208,840.116858297814,821.6,18.516858297813997,8472,6434,24,14,477312,False
T,SPI2_Octal80 + SDIO8_40 + I2S0_RX40 + I2S0_TX40,False,SPI2_Octal80,76.27213420316869,60.29429582877911,15.977838374389577,67.8671165116559,53.65,14.217116511655895,8472,6434,24,14,477312,False
T,SPI2_Octal80 + SDIO8_40 + I2S0_RX40 + I2S0_TX40,False,SDIO8_40,36.81511470985155,33.64742752813309,3.167687181718456,121.6140519681221,111.15,10.464051968122092,8472,6434,24,14,477312,False
T,SPI2_Octal80 + SDIO8_40 + I2S0_RX40 + I2S0_TX40,False,I2S0_RX40,4.980525803310614,4.551985844391424,0.42853995891919006,898.9483139631948,821.6,77.34831396319476,8472,6434,24,14,477312,False
T,SPI2_Octal80 + SDIO8_40 + I2S0_RX40 + I2S0_TX40,False,I2S0_TX40,4.980525803310614,4.551985844391424,0.42853995891919006,898.9483139631948,821.6,77.34831396319476,8472,6434,24,14,477312,False
T,SPI2_Octal80 + SDIO8_40 + I2S1_RX40 + I2S1_TX40,False,SPI2_Octal80,76.27213420316869,60.29429582877911,15.977838374389577,67.8671165116559,53.65,14.217116511655895,8472,6434,24,14,477312,False
T,SPI2_Octal80 + SDIO8_40 + I2S1_RX40 + I2S1_TX40,False,SDIO8_40,36.81511470985155,33.64742752813309,3.167687181718456,121.6140519681221,111.15,10.464051968122092,8472,6434,24,14,477312,False
T,SPI2_Octal80 + SDIO8_40 + I2S1_RX40 + I2S1_TX40,False,I2S1_RX40,4.980525803310614,4.551985844391424,0.42853995891919006,898.9483139631948,821.6,77.34831396319476,8472,6434,24,14,477312,False
T,SPI2_Octal80 + SDIO8_40 + I2S1_RX40 + I2S1_TX40,False,I2S1_TX40,4.980525803310614,4.551985844391424,0.42853995891919006,898.9483139631948,821.6,77.34831396319476,8472,6434,24,14,477312,False
S,SPI2_Quad80 + LCD16_40,True,SPI2_Quad80,38.97142857142857,32.8429804924848,6.128448078943769,124.59283349561835,105.0,19.59283349561835,8144,5730,25,15,394304,False
S,SPI2_Quad80 + LCD16_40,True,LCD16_40,79.68841285296982,67.1570195075152,12.531393345454617,60.93182857142856,51.35,9.58182857142856,8144,5730,25,15,394304,False
S,SPI2_Octal80 + SPI3_Quad80,True,SPI2_Octal80,76.27213420316869,66.18342262842737,10.088711574741325,61.82817142857142,53.65,8.178171428571424,8144,5730,25,15,394304,False
S,SPI2_Octal80 + SPI3_Quad80,True,SPI3_Quad80,38.97142857142857,33.81657737157264,5.154851199855926,121.00574091332713,105.0,16.00574091332713,8144,5730,25,15,394304,False
S,SPI2_Octal80 + LCD8_40,True,SPI2_Octal80,76.27213420316869,65.68596098496963,10.586173218199065,62.29641674780915,53.65,8.646416747809148,8144,5730,25,15,394304,False
S,SPI2_Octal80 + LCD8_40,True,LCD8_40,39.84420642648491,34.31403901503038,5.530167411454528,119.25148182665424,102.7,16.55148182665424,8144,5730,25,15,394304,False
S,SPI2_Octal80 + SDIO8_40,True,SPI2_Octal80,76.27213420316869,67.44538834951456,8.826745853654131,60.671309041835364,53.65,7.021309041835366,8144,5730,25,15,394304,False
S,SPI2_Octal80 + SDIO8_40,True,SDIO8_40,36.81511470985155,32.554611650485434,4.2605030593661155,125.696477166822,111.15,14.546477166822001,8144,5730,25,15,394304,False
S,SPI3_Quad80 + LCD16_40,True,SPI3_Quad80,38.97142857142857,32.8429804924848,6.128448078943769,124.59283349561835,105.0,19.59283349561835,8144,5730,25,15,394304,False
S,SPI3_Quad80 + LCD16_40,True,LCD16_40,79.68841285296982,67.1570195075152,12.531393345454617,60.93182857142856,51.35,9.58182857142856,8144,5730,25,15,394304,False
